Columna_1,Columna_2,Columna_3,Columna_4,Columna_5,Columna_6,Columna_7,Columna_8
Data,Data,Data,Data,Data,Data,Data,Data
Data,Data,Data,Data,Data,Data,Data,Data
Data,Data,Data,Data,Data,Data,Data,Data
Data,Data,Data,Data,Data,Data,Data,Data
Data,Data,Data,Data,Data,Data,Data,Data
Data,Data,Data,Data,Data,Data,Data,Data
Data,Data,Data,Data,Data,Data,Data,Data
Data,Data,Data,Data,Data,Data,Data,Data
Data,Data,Data,Data,Data,Data,Data,Data
Data,Data,Data,Data,Data,Data,Data,Data
Data,Data,Data,Data,Data,Data,Data,Data
Data,Data,Data,Data,Data,Data,Data,Data
Data,Data,Data,Data,Data,Data,Data,Data
Data,Data,Data,Data,Data,Data,Data,Data
Data,Data,Data,Data,Data,Data,Data,Data
Data,Data,Data,Data,Data,Data,Data,Data
Data,Data,Data,Data,Data,Data,Data,Data
Data,Data,Data,Data,Data,Data,Data,Data
Data,Data,Data,Data,Data,Data,Data,Data
Data,Data,Data,Data,Data,Data,Data,Data
Data,Data,Data,Data,Data,Data,Data,Data
Data,Data,Data,Data,Data,Data,Data,Data
Data,Data,Data,Data,Data,Data,Data,Data
Data,Data,Data,Data,Data,Data,Data,Data
Data,Data,Data,Data,Data,Data,Data,Data
Data,Data,Data,Data,Data,Data,Data,Data
Data,Data,Data,Data,Data,Data,Data,Data
Data,Data,Data,Data,Data,Data,Data,Data
Data,Data,Data,Data,Data,Data,Data,Data
Data,Data,Data,Data,Data,Data,Data,Data
Data,Data,Data,Data,Data,Data,Data,Data
Data,Data,Data,Data,Data,Data,Data,Data
Data,Data,Data,Data,Data,Data,Data,Data
Data,Data,Data,Data,Data,Data,Data,Data
Data,Data,Data,Data,Data,Data,Data,Data
Data,Data,Data,Data,Data,Data,Data,Data
Data,Data,Data,Data,Data,Data,Data,Data
Data,Data,Data,Data,Data,Data,Data,Data
Data,Data,Data,Data,Data,Data,Data,Data
Data,Data,Data,Data,Data,Data,Data,Data
Data,Data,Data,Data,Data,Data,Data,Data
Data,Data,Data,Data,Data,Data,Data,Data
Data,Data,Data,Data,Data,Data,Data,Data
Data,Data,Data,Data,Data,Data,Data,Data
Data,Data,Data,Data,Data,Data,Data,Data
Data,Data,Data,Data,Data,Data,Data,Data
Data,Data,Data,Data,Data,Data,Data,Data
Data,Data,Data,Data,Data,Data,Data,Data
Data,Data,Data,Data,Data,Data,Data,Data
Data,Data,Data,Data,Data,Data,Data,Data
Data,Data,Data,Data,Data,Data,Data,Data
Data,Data,Data,Data,Data,Data,Data,Data
Data,Data,Data,Data,Data,Data,Data,Data
Data,Data,Data,Data,Data,Data,Data,Data
Data,Data,Data,Data,Data,Data,Data,Data
Data,Data,Data,Data,Data,Data,Data,Data
Data,Data,Data,Data,Data,Data,Data,Data
Data,Data,Data,Data,Data,Data,Data,Data
Data,Data,Data,Data,Data,Data,Data,Data
Data,Data,Data,Data,Data,Data,Data,Data
Data,Data,Data,Data,Data,Data,Data,Data
